{
  "voxel_size": 0.1,
  "origin_xyz": [
    -7.783579587936401,
    -7.643433046340943,
    -7.595048284530639
  ],
  "shape_xyz": [
    154,
    160,
    152
  ],
  "pct_high": 0.36,
  "pct_medium": 1.19,
  "pct_low": 98.45
}