{
  "voxel_size": 0.05,
  "origin_xyz": [
    -2.569467806816101,
    -2.0534045457839967,
    -1.7423048734664917
  ],
  "shape_xyz": [
    90,
    86,
    118
  ],
  "pct_high": 0.39,
  "pct_medium": 34.05,
  "pct_low": 65.55
}