{
  "laptop": {
    "centroid_3d": [
      0.6670029163360596,
      -0.08164418488740921,
      -0.6326198577880859
    ],
    "bbox_min": [
      -0.26754313707351685,
      -1.0177873373031616,
      0.1681547909975052
    ],
    "bbox_max": [
      1.8347195386886597,
      1.0743005275726318,
      -1.5315799713134766
    ],
    "volume_m3": 7.475634574890137,
    "frames_seen": 279,
    "total_points": 207501,
    "reconstruction_confidence": 0.5,
    "provenance": "sparse",
    "label": "laptop"
  },
  "bed": {
    "centroid_3d": [
      0.313912957906723,
      -0.22936855256557465,
      -0.010190739296376705
    ],
    "bbox_min": [
      -0.5968660116195679,
      -1.5163037776947021,
      0.5149733424186707
    ],
    "bbox_max": [
      1.248841643333435,
      1.1115131378173828,
      -0.48532745242118835
    ],
    "volume_m3": 4.851640701293945,
    "frames_seen": 356,
    "total_points": 431891,
    "reconstruction_confidence": 0.4301,
    "provenance": "sparse",
    "label": "bed"
  },
  "chair": {
    "centroid_3d": [
      0.37868645787239075,
      -0.4642581641674042,
      -1.2554975748062134
    ],
    "bbox_min": [
      -0.13672050833702087,
      -1.0147556066513062,
      -0.7288540005683899
    ],
    "bbox_max": [
      1.1259328126907349,
      0.3805095851421356,
      -2.053668975830078
    ],
    "volume_m3": 2.333974838256836,
    "frames_seen": 258,
    "total_points": 155566,
    "reconstruction_confidence": 0.348,
    "provenance": "sparse",
    "label": "chair"
  },
  "monitor": {
    "centroid_3d": [
      -0.1,
      -0.35,
      -0.7
    ],
    "bbox_min": [
      4.216811180114746,
      0.3502771556377411,
      -1.5371489524841309
    ],
    "bbox_max": [
      4.5431718826293945,
      0.637048602104187,
      -2.310298442840576
    ],
    "volume_m3": 0.07235978543758392,
    "frames_seen": 152,
    "total_points": 128280,
    "reconstruction_confidence": 0.5128,
    "provenance": "sparse",
    "label": "monitor"
  },
  "door": {
    "centroid_3d": [
      0.15112024545669556,
      -0.47628769278526306,
      -0.9235279560089111
    ],
    "bbox_min": [
      -1.1291815042495728,
      -1.2322149276733398,
      0.18550866842269897
    ],
    "bbox_max": [
      1.3250467777252197,
      0.21814259886741638,
      -2.539928436279297
    ],
    "volume_m3": 9.701216697692871,
    "frames_seen": 325,
    "total_points": 442901,
    "reconstruction_confidence": 0.4014,
    "provenance": "sparse",
    "label": "door"
  },
  "desk": {
    "centroid_3d": [
      -0.2427256554365158,
      -0.5280029773712158,
      -0.8561939597129822
    ],
    "bbox_min": [
      -1.3459657430648804,
      -1.265612006187439,
      -0.1304415613412857
    ],
    "bbox_max": [
      0.9954006671905518,
      0.45070937275886536,
      -1.6249172687530518
    ],
    "volume_m3": 6.005605697631836,
    "frames_seen": 337,
    "total_points": 203578,
    "reconstruction_confidence": 0.3998,
    "provenance": "sparse",
    "label": "desk"
  },
  "shelf": {
    "centroid_3d": [
      -0.9297625422477722,
      -0.4716295003890991,
      -1.3234413862228394
    ],
    "bbox_min": [
      -2.007296562194824,
      -1.3854798078536987,
      -0.6123812794685364
    ],
    "bbox_max": [
      0.022194577381014824,
      0.3054087162017822,
      -2.398371696472168
    ],
    "volume_m3": 6.12888240814209,
    "frames_seen": 176,
    "total_points": 390450,
    "reconstruction_confidence": 0.4526,
    "provenance": "sparse",
    "label": "shelf"
  },
  "lamp": {
    "centroid_3d": [
      -0.11088579893112183,
      -0.5415769815444946,
      -1.2183489799499512
    ],
    "bbox_min": [
      -0.19823598861694336,
      -0.6919844150543213,
      -1.1738110780715942
    ],
    "bbox_max": [
      -0.0018138032173737884,
      -0.5071119666099548,
      -1.307798981666565
    ],
    "volume_m3": 0.004865509923547506,
    "frames_seen": 80,
    "total_points": 147207,
    "reconstruction_confidence": 0.5251,
    "provenance": "sparse",
    "label": "lamp"
  },
  "window": {
    "centroid_3d": [
      0.8,
      -0.1,
      1.5
    ],
    "bbox_min": [
      1.2904107570648193,
      -0.5938448309898376,
      3.9496102333068848
    ],
    "bbox_max": [
      2.073716163635254,
      0.4436822533607483,
      3.8013710975646973
    ],
    "volume_m3": 0.12047403305768967,
    "frames_seen": 177,
    "total_points": 440467,
    "reconstruction_confidence": 0.4122,
    "provenance": "sparse",
    "label": "window"
  },
  "fan": {
    "centroid_3d": [
      0.5721116065979004,
      -0.6138542890548706,
      -0.8682668209075928
    ],
    "bbox_min": [
      0.3946203887462616,
      -0.7579306364059448,
      -0.8029036521911621
    ],
    "bbox_max": [
      0.6917702555656433,
      -0.4486721158027649,
      -0.9850401282310486
    ],
    "volume_m3": 0.01673763617873192,
    "frames_seen": 96,
    "total_points": 114443,
    "reconstruction_confidence": 0.5472,
    "provenance": "sparse",
    "label": "fan"
  }
}